Unnamed: 0,Id,Income,Age,Experience,Married/Single,House_Ownership,Car_Ownership,Profession,CITY,STATE,CURRENT_JOB_YRS,CURRENT_HOUSE_YRS,Risk_Flag
779,780,7677453,49,12,single,rented,yes,Financial_Analyst,Firozabad,Uttar_Pradesh,3,11,0
287,288,2101952,46,18,single,rented,yes,Technical_writer,Berhampore,West_Bengal,7,14,0
166,167,3367218,28,5,single,rented,no,Analyst,Raiganj,West_Bengal,4,11,0
961,962,8745080,55,18,single,rented,yes,Librarian,Erode[17],Tamil_Nadu,4,13,1
494,495,1988524,50,6,single,rented,no,Surveyor,Jaipur,Rajasthan,6,13,1
986,987,4879862,75,2,single,owned,no,Computer_operator,Singrauli,Madhya_Pradesh,2,12,0
66,67,4334000,36,4,single,rented,no,Politician,Berhampur,Odisha,4,11,0
142,143,4392927,41,2,single,rented,no,Chemical_engineer,Mirzapur,Uttar_Pradesh,2,13,1
245,246,2218280,34,9,single,rented,no,Psychologist,Gaya,Bihar,9,11,0
827,828,1014244,36,9,single,rented,no,Designer,Ludhiana,Punjab,9,10,0
802,803,2018913,68,7,single,rented,yes,Web_designer,Dewas,Madhya_Pradesh,7,13,1
311,312,667848,58,10,single,rented,no,Comedian,Faridabad,Haryana,8,12,0
831,832,6440066,74,15,single,rented,no,Technician,Bhilai,Chhattisgarh,8,11,0
590,591,3372296,26,10,married,rented,no,Magistrate,Indore,Madhya_Pradesh,10,12,0
451,452,7894460,25,5,single,owned,no,Secretary,Machilipatnam,Andhra_Pradesh,5,10,0
257,258,2436026,50,4,single,rented,yes,Lawyer,Karimnagar,Telangana,4,10,0
978,979,8049089,60,18,single,rented,no,Aviator,Noida,Uttar_Pradesh,5,12,0
382,383,2703840,48,17,single,norent_noown,no,Computer_operator,Dehradun,Uttarakhand,5,14,0
479,480,5169846,54,13,single,rented,no,Magistrate,Nellore[14][15],Andhra_Pradesh,5,10,0
50,51,4260004,27,5,single,norent_noown,no,Police_officer,Sagar,Madhya_Pradesh,5,13,0
940,941,4356797,57,4,single,owned,no,Architect,Howrah,West_Bengal,4,12,0
255,256,2416807,70,10,single,rented,no,Firefighter,Bhalswa_Jahangir_Pur,Delhi,4,12,0
544,545,7563306,55,15,single,rented,no,Technician,Kollam,Kerala,12,12,1
751,752,7002478,38,20,married,rented,no,Secretary,Sambalpur,Odisha,5,13,0
904,905,9897868,43,17,single,rented,yes,Surgeon,Amaravati,Andhra_Pradesh,8,14,0
536,537,5484464,58,2,single,rented,yes,Technical_writer,Nanded,Maharashtra,2,12,0
917,918,9339198,67,14,married,rented,yes,Hotel_Manager,Guntakal,Andhra_Pradesh,11,14,0
994,995,6104859,47,12,single,rented,yes,Surgeon,Phagwara,Punjab,12,11,0
480,481,4614035,42,15,single,rented,no,Flight_attendant,Miryalaguda,Telangana,13,14,0
910,911,4408094,30,8,single,rented,yes,Petroleum_Engineer,Saharsa[29],Bihar,4,10,0
34,35,9086933,55,7,single,rented,no,Air_traffic_controller,Saharanpur,Uttar_Pradesh,7,13,0
32,33,4128828,21,10,single,rented,no,Computer_hardware_engineer,Khammam,Telangana,10,12,0
232,233,1126863,43,1,single,rented,no,Mechanical_engineer,Vijayanagaram,Andhra_Pradesh,1,11,0
747,748,4388557,43,8,single,rented,no,Geologist,Bharatpur,Rajasthan,7,13,0
193,194,347930,64,5,single,rented,no,Politician,Proddatur,Andhra_Pradesh,5,12,0
333,334,2055989,25,18,single,rented,no,Scientist,Cuttack,Odisha,3,10,0
4,5,5768871,47,11,single,rented,no,Civil_servant,Tiruchirappalli[10],Tamil_Nadu,3,14,1
205,206,5886958,60,16,single,rented,no,Analyst,Agra,Uttar_Pradesh,3,10,0
324,325,1680177,33,18,single,owned,no,Industrial_Engineer,Sonipat,Haryana,6,11,1
573,574,1551179,24,19,single,rented,no,Drafter,Allahabad,Uttar_Pradesh[5],9,14,0
306,307,908803,22,18,single,rented,no,Librarian,Morena,Madhya_Pradesh,3,14,0
110,111,1197375,41,0,single,rented,yes,Microbiologist,Srinagar,Jammu_and_Kashmir,0,11,0
483,484,133954,27,15,single,rented,no,Software_Developer,Sambhal,Uttar_Pradesh,11,13,0
78,79,326455,27,20,single,rented,no,Drafter,Asansol,West_Bengal,3,14,0
85,86,5898669,32,9,married,rented,no,Firefighter,Aligarh,Uttar_Pradesh,6,13,0
429,430,3890518,64,19,single,rented,no,Scientist,Shimla,Himachal_Pradesh,12,10,0
83,84,6245331,65,6,single,rented,no,Financial_Analyst,Eluru[25],Andhra_Pradesh,6,12,0
528,529,1700810,79,1,single,rented,no,Financial_Analyst,Bardhaman,West_Bengal,1,12,0
552,553,1902583,21,2,single,rented,no,Lawyer,Tiruchirappalli[10],Tamil_Nadu,2,11,0
363,364,7995914,71,0,single,rented,no,Petroleum_Engineer,Mangalore,Karnataka,0,10,0
421,422,8230848,34,3,single,rented,no,Official,Serampore,West_Bengal,3,14,0
935,936,1259577,66,15,single,rented,no,Economist,Machilipatnam,Andhra_Pradesh,3,10,0
519,520,2407726,75,16,single,rented,yes,Technical_writer,Arrah,Bihar,5,12,0
463,464,1964155,51,13,single,rented,no,Physician,Shivpuri,Madhya_Pradesh,7,10,0
3,4,6256451,41,2,single,rented,yes,Software_Developer,Bhubaneswar,Odisha,2,12,1
102,103,4417164,42,12,single,rented,no,Web_designer,Vellore,Tamil_Nadu,8,14,0
478,479,706809,71,3,single,rented,no,Librarian,Coimbatore,Tamil_Nadu,3,13,1
276,277,9043312,71,10,single,owned,no,Physician,Phagwara,Punjab,3,14,0
6,7,3954973,58,14,married,rented,no,Librarian,Tiruppur,Tamil_Nadu,8,12,0
859,860,2636544,39,0,single,rented,no,Computer_hardware_engineer,Vellore,Tamil_Nadu,0,11,0
713,714,7040268,47,19,single,rented,yes,Software_Developer,Bhalswa_Jahangir_Pur,Delhi,11,13,0
98,99,5083653,35,14,single,rented,yes,Statistician,Ambattur,Tamil_Nadu,12,11,0
266,267,9933885,65,12,single,rented,no,Comedian,Vasai-Virar,Maharashtra,4,11,0
356,357,8776228,37,15,single,rented,yes,Magistrate,Burhanpur,Madhya_Pradesh,14,11,1
868,869,3026261,49,7,single,rented,no,Technology_specialist,Phusro,Jharkhand,7,14,0
466,467,5867167,60,14,married,rented,no,Lawyer,Bilaspur,Chhattisgarh,6,12,0
812,813,5415637,47,12,single,rented,no,Chemical_engineer,Ratlam,Madhya_Pradesh,12,14,0
431,432,4888019,73,14,single,rented,no,Army_officer,Guntakal,Andhra_Pradesh,11,10,0
498,499,3215432,37,6,single,rented,yes,Consultant,Haridwar,Uttarakhand,6,12,0
705,706,5101498,55,0,married,rented,no,Artist,Pallavaram,Tamil_Nadu,0,14,0
119,120,245844,67,4,married,rented,no,Economist,Bhatpara,West_Bengal,3,11,0
870,871,6911597,48,12,single,rented,no,Microbiologist,Unnao,Uttar_Pradesh,4,13,0
251,252,2959223,43,2,single,rented,no,Analyst,Ambala,Haryana,2,12,0
947,948,6922312,40,19,single,rented,yes,Financial_Analyst,Sri_Ganganagar,Rajasthan,14,13,0
10,11,4634680,78,7,single,rented,no,Flight_attendant,Hajipur[31],Bihar,7,12,0
197,198,6816106,31,20,single,rented,yes,Statistician,Adoni,Andhra_Pradesh,11,14,0
603,604,2737514,58,14,single,rented,no,Technician,Visakhapatnam[4],Andhra_Pradesh,13,10,0
82,83,7433875,32,12,single,rented,yes,Fashion_Designer,Chennai,Tamil_Nadu,11,10,1
644,645,5082664,41,12,single,rented,yes,Police_officer,Barasat,West_Bengal,5,12,1
653,654,5203541,30,17,single,rented,no,Physician,Sangli-Miraj_&_Kupwad,Maharashtra,8,13,0
619,620,3251968,76,17,single,rented,no,Geologist,Malda,West_Bengal,9,11,0
240,241,9305585,69,8,single,rented,no,Official,Raiganj,West_Bengal,8,10,1
290,291,6272411,69,2,married,rented,no,Aviator,Bhatpara,West_Bengal,2,10,0
212,213,6305461,41,11,single,rented,yes,Air_traffic_controller,Mirzapur,Uttar_Pradesh,7,14,1
717,718,5386630,75,12,single,rented,no,Microbiologist,Muzaffarpur,Bihar,10,11,0
358,359,3722050,73,12,single,rented,no,Mechanical_engineer,Kolkata,West_Bengal,11,13,0
448,449,842194,27,16,single,rented,no,Engineer,Guna,Madhya_Pradesh,10,11,0
228,229,7636933,44,4,single,rented,yes,Consultant,Shivpuri,Madhya_Pradesh,4,14,0
856,857,40007,39,19,single,rented,no,Chef,Hazaribagh,Jharkhand,12,13,0
362,363,3991574,62,20,single,rented,no,Technical_writer,Jammu[16],Jammu_and_Kashmir,7,10,0
797,798,1368608,65,13,single,rented,no,Civil_servant,Tiruvottiyur,Tamil_Nadu,5,14,0
500,501,8145890,48,5,single,rented,yes,Software_Developer,Avadi,Tamil_Nadu,5,11,0
389,390,8693161,53,5,married,rented,yes,Industrial_Engineer,Proddatur,Andhra_Pradesh,3,10,0
430,431,4436534,52,1,single,rented,no,Technical_writer,Dehri[30],Bihar,1,14,0
989,990,4508919,59,6,single,rented,yes,Artist,"Khora,_Ghaziabad",Uttar_Pradesh,6,14,0
315,316,8143086,22,3,single,rented,no,Flight_attendant,Barasat,West_Bengal,3,11,1
405,406,4273001,62,14,single,norent_noown,yes,Politician,Darbhanga,Bihar,14,14,1
8,9,7566849,24,17,single,rented,yes,Flight_attendant,Kota[6],Rajasthan,11,11,0
156,157,1013313,32,16,single,rented,no,Geologist,Bulandshahr,Uttar_Pradesh,10,12,0
810,811,6951975,54,3,single,rented,yes,Analyst,Hubliâ€“Dharwad,Karnataka,3,11,0
729,730,5186187,76,2,single,rented,no,Dentist,Shahjahanpur,Uttar_Pradesh,2,12,1
631,632,7462582,72,12,single,rented,no,Chemical_engineer,Belgaum,Karnataka,12,10,0
395,396,321358,78,17,single,rented,no,Dentist,Alwar,Rajasthan,9,13,1
778,779,3890846,58,16,married,rented,yes,Police_officer,Guntur[13],Andhra_Pradesh,4,11,0
599,600,1306929,66,14,single,rented,no,Engineer,Raichur,Karnataka,11,10,0
334,335,8593443,49,12,single,rented,no,Chef,Jalna,Maharashtra,9,14,0
576,577,9407809,66,3,single,rented,no,Army_officer,Ongole,Andhra_Pradesh,3,13,1
934,935,4375734,30,9,single,rented,yes,Air_traffic_controller,Udupi,Karnataka,5,13,0
949,950,8087598,44,18,single,rented,no,Chef,Noida,Uttar_Pradesh,14,11,0
698,699,445268,57,17,single,rented,no,Technician,Vellore,Tamil_Nadu,9,13,0
530,531,3508614,32,11,single,rented,no,Economist,Jhansi,Uttar_Pradesh,8,13,0
581,582,4272756,29,6,single,rented,no,Surveyor,Danapur,Bihar,6,13,0
707,708,7536082,29,1,single,rented,yes,Fashion_Designer,Bhiwandi,Maharashtra,1,11,0
539,540,1322234,31,1,single,rented,yes,Official,Pimpri-Chinchwad,Maharashtra,1,14,0
452,453,4846957,75,2,single,rented,yes,Psychologist,Noida,Uttar_Pradesh,2,10,0
229,230,665309,69,11,single,rented,no,Hotel_Manager,Ichalkaranji,Maharashtra,11,11,0
351,352,5331462,57,20,single,rented,yes,Artist,Mehsana,Gujarat,8,14,0
845,846,6794531,68,20,single,rented,no,Hotel_Manager,Vadodara,Gujarat,14,10,1
213,214,7552268,38,6,single,rented,no,Civil_engineer,Berhampore,West_Bengal,5,10,1
80,81,7839236,68,7,single,rented,no,Biomedical_Engineer,Amravati,Maharashtra,7,14,1
149,150,799233,72,4,single,rented,yes,Hotel_Manager,Udupi,Karnataka,4,14,0
303,304,8433425,63,13,married,rented,no,Graphic_Designer,South_Dumdum,West_Bengal,6,10,0
335,336,67428,49,12,single,rented,no,Scientist,Vijayanagaram,Andhra_Pradesh,10,11,0
714,715,488193,71,18,single,rented,no,Economist,Guna,Madhya_Pradesh,8,10,0
946,947,9455042,33,20,single,rented,no,Politician,Bokaro,Jharkhand,10,12,1
932,933,2175522,64,1,single,rented,no,Librarian,Mangalore,Karnataka,1,13,0
484,485,4824858,58,15,single,rented,no,Hotel_Manager,Surat,Gujarat,8,11,1
979,980,2875030,49,10,single,rented,no,Designer,Tezpur,Assam,10,10,0
134,135,3643187,77,20,single,rented,no,Web_designer,Bellary,Karnataka,12,14,0
550,551,8900631,47,6,single,rented,no,Fashion_Designer,Thiruvananthapuram,Kerala,6,12,0
312,313,6787542,22,0,single,norent_noown,no,Hotel_Manager,Phusro,Jharkhand,0,12,1
606,607,9908353,68,3,single,rented,yes,Librarian,Sikar,Rajasthan,3,13,0
440,441,8914067,77,18,single,rented,yes,Economist,Delhi_city,Delhi,10,11,0
1,2,7574516,40,10,single,rented,no,Software_Developer,Parbhani,Maharashtra,9,13,0
317,318,4110066,43,0,single,rented,no,Designer,Amroha,Uttar_Pradesh,0,12,0
706,707,3423478,76,9,single,rented,no,Computer_hardware_engineer,Suryapet,Telangana,4,10,1
733,734,3470076,44,15,single,rented,no,Magistrate,Gaya,Bihar,11,12,1
343,344,8867807,63,0,single,rented,yes,Scientist,Machilipatnam,Andhra_Pradesh,0,11,0
532,533,7503211,57,6,single,rented,no,Geologist,Indore,Madhya_Pradesh,6,10,0
507,508,976533,48,2,single,rented,no,Statistician,Bardhaman,West_Bengal,2,10,1
371,372,5273396,30,13,single,rented,no,Physician,Proddatur,Andhra_Pradesh,4,11,0
173,174,2942291,50,11,single,owned,no,Financial_Analyst,Unnao,Uttar_Pradesh,4,11,0
126,127,3159260,62,4,single,rented,no,Petroleum_Engineer,Panihati,West_Bengal,4,10,0
548,549,5897750,76,14,single,rented,no,Chef,Anand,Gujarat,5,11,0
862,863,2513457,32,18,single,rented,yes,Petroleum_Engineer,Dibrugarh,Assam,9,10,0
903,904,2615615,44,13,married,rented,no,Web_designer,Anantapuram[24],Andhra_Pradesh,4,12,0
91,92,137594,52,10,single,rented,yes,Technical_writer,Sagar,Madhya_Pradesh,7,10,1
939,940,422892,59,7,single,rented,yes,Biomedical_Engineer,Satara,Maharashtra,7,10,1
182,183,9934516,66,6,single,rented,yes,Hotel_Manager,Chinsurah,West_Bengal,6,14,0
275,276,6325118,21,13,single,rented,no,Librarian,Burhanpur,Madhya_Pradesh,11,12,1
895,896,5357215,52,8,single,rented,yes,Librarian,Darbhanga,Bihar,8,11,0
70,71,5605985,57,12,single,rented,no,Engineer,Bidar,Karnataka,3,11,0
292,293,7352225,78,14,married,rented,no,Firefighter,Rajpur_Sonarpur,West_Bengal,6,14,0
132,133,4171960,73,16,single,rented,no,Magistrate,Gorakhpur,Uttar_Pradesh,10,10,0
301,302,5697835,55,14,single,owned,no,Designer,Maheshtala,West_Bengal,6,14,0
423,424,3460548,36,13,single,rented,no,Web_designer,Kumbakonam,Tamil_Nadu,5,13,0
327,328,3261742,36,11,single,rented,no,Consultant,Bhusawal,Maharashtra,4,10,0
145,146,2570688,46,9,single,rented,no,Firefighter,Motihari[34],Bihar,9,11,0
668,669,7564205,36,10,single,rented,no,Consultant,Nadiad,Gujarat,10,13,0
656,657,8823581,27,15,single,rented,no,Police_officer,Satna,Madhya_Pradesh,10,12,0
136,137,7465121,37,2,single,rented,yes,Microbiologist,Siliguri,West_Bengal,2,12,0
406,407,1904060,72,8,single,rented,no,Computer_operator,Meerut,Uttar_Pradesh,8,14,0
165,166,4998898,27,13,single,rented,no,Economist,Gandhidham,Gujarat,13,11,0
29,30,4386333,31,16,single,rented,no,Physician,Shimoga,Karnataka,3,12,0
918,919,736448,31,13,single,rented,no,Industrial_Engineer,Muzaffarpur,Bihar,7,13,0
194,195,8645202,65,9,single,owned,no,Technician,Mango,Jharkhand,9,13,0
753,754,2201763,70,15,single,rented,no,Dentist,Kulti,West_Bengal,12,14,0
637,638,8669868,63,10,single,rented,no,Surgeon,Kozhikode,Kerala,6,11,0
170,171,3207222,28,3,single,rented,yes,Dentist,Belgaum,Karnataka,3,10,0
487,488,3638802,76,5,married,norent_noown,yes,Civil_servant,Aizawl,Mizoram,5,10,0
141,142,3345583,32,2,single,rented,no,Mechanical_engineer,Ozhukarai,Puducherry,2,14,0
174,175,6044767,60,12,single,rented,yes,Engineer,Coimbatore,Tamil_Nadu,10,13,0
7,8,1706172,33,2,single,rented,no,Economist,Jamnagar,Gujarat,2,14,0
993,994,6563024,34,2,single,rented,no,Scientist,Mysore[7][8][9],Karnataka,2,13,0
671,672,1108189,41,6,single,rented,no,Artist,Kulti,West_Bengal,6,10,0
74,75,2116007,24,5,single,rented,yes,Analyst,Suryapet,Telangana,5,13,1
683,684,8141031,23,17,single,rented,no,Secretary,Vijayanagaram,Andhra_Pradesh,3,11,0
468,469,4371590,66,19,single,rented,yes,Flight_attendant,Bhatpara,West_Bengal,3,12,0
239,240,5596467,26,17,single,rented,no,Mechanical_engineer,Parbhani,Maharashtra,4,13,0
146,147,2506726,54,11,single,rented,no,Designer,Jalna,Maharashtra,6,14,0
886,887,6372556,39,10,single,rented,yes,Graphic_Designer,Fatehpur,Uttar_Pradesh,3,13,0
235,236,7167762,49,14,single,rented,no,Firefighter,Bhopal,Madhya_Pradesh,12,14,1
221,222,4421612,79,20,single,rented,no,Firefighter,Rohtak,Haryana,8,11,0
584,585,6602095,62,15,single,rented,no,Surveyor,Sri_Ganganagar,Rajasthan,8,14,0
866,867,1728444,66,10,single,rented,yes,Magistrate,Jhansi,Uttar_Pradesh,10,13,0
133,134,9397962,58,3,married,rented,no,Psychologist,Saharanpur,Uttar_Pradesh,3,14,0
990,991,9676479,48,17,married,rented,no,Analyst,Salem,Tamil_Nadu,14,14,0
409,410,1509327,51,0,married,rented,yes,Biomedical_Engineer,Nizamabad,Telangana,0,11,0
186,187,9603186,43,5,single,rented,no,Microbiologist,Munger,Bihar,5,13,1
42,43,9760667,63,17,single,rented,no,Chartered_Accountant,Khandwa,Madhya_Pradesh,13,12,1
722,723,1832053,63,14,married,rented,yes,Secretary,Nashik,Maharashtra,7,14,0
109,110,6501716,37,5,single,rented,no,Civil_servant,Nagpur,Maharashtra,5,13,0
588,589,5321383,40,2,single,rented,no,Aviator,Nagpur,Maharashtra,2,13,0
57,58,6555332,56,20,single,owned,no,Magistrate,Naihati,West_Bengal,4,10,0
771,772,2797997,30,10,single,rented,no,Mechanical_engineer,Muzaffarpur,Bihar,8,13,0
441,442,842278,30,18,single,rented,yes,Physician,Pimpri-Chinchwad,Maharashtra,3,14,0
639,640,9768431,72,4,single,owned,yes,Engineer,Hapur,Uttar_Pradesh,4,14,0
860,861,4505937,52,6,single,rented,no,Petroleum_Engineer,Mangalore,Karnataka,6,14,0
25,26,1797876,76,20,single,norent_noown,no,Mechanical_engineer,Erode[17],Tamil_Nadu,11,14,0
731,732,1405890,34,2,single,owned,no,Graphic_Designer,"Khora,_Ghaziabad",Uttar_Pradesh,2,12,0
495,496,8644938,26,11,married,rented,no,Architect,South_Dumdum,West_Bengal,9,10,0
531,532,2740172,72,16,single,rented,no,Engineer,New_Delhi,Delhi,10,13,0
618,619,6471065,68,10,single,owned,yes,Hotel_Manager,Erode[17],Tamil_Nadu,5,14,0
694,695,1585215,64,9,single,rented,no,Politician,Karnal,Haryana,9,10,0
926,927,9362365,23,19,single,rented,yes,Firefighter,Srikakulam,Andhra_Pradesh,11,13,0
339,340,4445947,53,17,single,rented,no,Technology_specialist,Coimbatore,Tamil_Nadu,4,14,1
52,53,9518593,71,6,single,rented,no,Artist,Junagadh,Gujarat,6,13,0
583,584,6201762,46,1,single,rented,no,Lawyer,Kochi,Kerala,1,10,1
629,630,8097242,43,1,single,owned,yes,Fashion_Designer,Asansol,West_Bengal,1,10,0
920,921,2157311,78,14,single,rented,no,Chef,Sonipat,Haryana,6,12,1
632,633,117262,65,15,single,rented,no,Biomedical_Engineer,Uluberia,West_Bengal,12,12,0
265,266,7583437,74,13,single,owned,yes,Web_designer,Etawah,Uttar_Pradesh,9,13,0
537,538,2902285,77,19,single,rented,no,Graphic_Designer,Gudivada,Andhra_Pradesh,11,10,1
732,733,2774757,36,11,single,rented,no,Civil_servant,New_Delhi,Delhi,10,11,0
801,802,1209322,41,10,single,rented,yes,Politician,Bidhannagar,West_Bengal,10,13,0
501,502,3516704,54,17,single,rented,no,Air_traffic_controller,Vellore,Tamil_Nadu,13,10,0
617,618,8755938,42,20,single,rented,yes,Biomedical_Engineer,Delhi_city,Delhi,14,13,1
446,447,8458367,79,1,single,rented,no,Aviator,Nadiad,Gujarat,1,10,0
19,20,5431918,40,1,single,rented,no,Artist,Amaravati,Andhra_Pradesh,1,14,0
715,716,7338543,34,9,single,rented,no,Microbiologist,Bilaspur,Chhattisgarh,3,12,0
482,483,4149976,35,15,married,owned,no,Drafter,Ludhiana,Punjab,10,12,0
568,569,1000979,41,19,single,rented,yes,Physician,Tezpur,Assam,5,13,0
524,525,7840891,54,9,married,rented,yes,Civil_engineer,Silchar,Assam,6,14,0
368,369,7339398,55,11,single,rented,no,Dentist,Jamalpur[36],Bihar,10,11,0
84,85,4700701,48,14,single,rented,yes,Secretary,Ulhasnagar,Maharashtra,12,12,0
62,63,9724250,67,17,single,rented,yes,Dentist,Bathinda,Punjab,3,13,0
998,999,3346084,23,18,single,rented,no,Web_designer,Sambalpur,Odisha,6,13,0
273,274,2062343,40,15,married,rented,yes,Aviator,Ballia,Uttar_Pradesh,14,11,0
286,287,8459716,79,1,single,rented,no,Graphic_Designer,Mau,Uttar_Pradesh,1,14,0
361,362,6952653,40,6,single,rented,no,Fashion_Designer,Sambalpur,Odisha,6,14,0
355,356,5531708,43,9,single,rented,yes,Technician,Imphal,Manipur,3,13,0
925,926,8623683,29,13,married,rented,no,Artist,Bhalswa_Jahangir_Pur,Delhi,5,14,0
279,280,1996629,48,16,single,rented,no,Comedian,Farrukhabad,Uttar_Pradesh,9,14,0
13,14,8043880,57,12,single,rented,no,Financial_Analyst,Kollam,Kerala,8,10,0
183,184,884898,48,8,single,rented,yes,Artist,Bidar,Karnataka,8,10,0
369,370,4523349,28,2,single,rented,yes,Technical_writer,Ahmedabad,Gujarat,2,12,0
491,492,7884489,25,14,single,rented,no,Graphic_Designer,Dhule,Maharashtra,9,13,0
991,992,2854227,57,3,single,rented,no,Aviator,Mau,Uttar_Pradesh,3,13,0
224,225,6668221,66,20,single,rented,no,Industrial_Engineer,Ambarnath,Maharashtra,11,11,1
823,824,7532243,47,2,single,rented,yes,Chef,Mahbubnagar,Telangana,2,12,0
963,964,9545124,29,2,single,rented,yes,Mechanical_engineer,Pondicherry,Puducherry,2,11,0
502,503,1609239,47,3,single,rented,no,Flight_attendant,Tumkur,Karnataka,3,14,0
545,546,9368529,59,7,single,rented,no,Designer,Dibrugarh,Assam,7,10,1
582,583,294610,49,16,single,rented,no,Computer_hardware_engineer,Yamunanagar,Haryana,6,13,0
884,885,4556669,50,2,single,rented,yes,Hotel_Manager,Khammam,Telangana,2,13,0
177,178,8949796,66,0,single,rented,yes,Petroleum_Engineer,Kurnool[18],Andhra_Pradesh,0,12,0
665,666,2024213,38,19,single,rented,no,Comedian,Durg,Chhattisgarh,8,14,1
627,628,6549582,31,7,single,rented,yes,Architect,Guntakal,Andhra_Pradesh,7,11,1
585,586,9222108,78,9,single,rented,no,Biomedical_Engineer,Singrauli,Madhya_Pradesh,9,12,0
520,521,3643303,79,0,single,rented,no,Economist,Kishanganj[35],Bihar,0,12,0
394,395,5881185,47,4,single,rented,no,Microbiologist,Satara,Maharashtra,4,13,0
164,165,1856689,46,5,single,rented,yes,Air_traffic_controller,Amravati,Maharashtra,5,12,1
249,250,2285062,38,2,single,rented,no,Dentist,Kakinada,Andhra_Pradesh,2,12,0
634,635,6129612,42,13,single,owned,no,Microbiologist,Amaravati,Andhra_Pradesh,6,12,0
885,886,6443249,69,18,single,rented,no,Firefighter,Ambala,Haryana,6,10,0
669,670,9500602,70,16,single,rented,no,Firefighter,Rampur,Uttar_Pradesh,14,13,0
376,377,5817501,61,2,single,norent_noown,no,Hotel_Manager,Gangtok,Sikkim,2,10,0
413,414,7914034,23,2,single,rented,no,Chef,Gulbarga,Karnataka,2,10,1
75,76,3798306,42,11,single,rented,yes,Geologist,Aizawl,Mizoram,11,14,0
114,115,1281960,24,8,single,rented,no,Politician,Siwan[32],Bihar,8,13,0
569,570,4792641,40,15,single,rented,yes,Software_Developer,Kakinada,Andhra_Pradesh,13,10,0
560,561,6298839,34,19,married,rented,yes,Petroleum_Engineer,Bidar,Karnataka,5,13,0
391,392,2704782,79,6,single,rented,no,Artist,Kakinada,Andhra_Pradesh,6,14,0
105,106,4126991,66,3,single,rented,no,Microbiologist,Nagaon,Assam,3,12,0
115,116,5522159,22,6,single,rented,no,Computer_hardware_engineer,Anantapur,Andhra_Pradesh,6,12,1
418,419,9800971,62,14,single,rented,no,Aviator,Jorhat,Assam,3,13,0
763,764,6410485,75,7,single,rented,yes,Artist,Tadepalligudem,Andhra_Pradesh,7,10,0
458,459,9215066,69,11,single,rented,no,Magistrate,Gaya,Bihar,11,10,1
410,411,8944435,51,2,single,rented,no,Mechanical_engineer,Belgaum,Karnataka,2,11,0
93,94,8005608,65,8,single,rented,no,Civil_servant,Sonipat,Haryana,8,12,1
757,758,7310808,41,15,married,rented,no,Firefighter,Nangloi_Jat,Delhi,3,14,0
90,91,826681,78,4,married,rented,yes,Analyst,Ongole,Andhra_Pradesh,4,14,0
337,338,4496096,55,17,single,rented,yes,Librarian,Bhilai,Chhattisgarh,13,13,1
988,989,3679290,25,9,single,rented,no,Psychologist,Pune,Maharashtra,6,11,0
921,922,5364976,73,13,single,rented,no,Artist,Anantapuram[24],Andhra_Pradesh,3,10,0
933,934,5093443,56,2,single,rented,no,Architect,Hyderabad,Telangana,2,14,0
605,606,8692016,22,10,single,rented,yes,Graphic_Designer,Hazaribagh,Jharkhand,8,13,0
865,866,2037154,41,9,single,rented,yes,Aviator,Madanapalle,Andhra_Pradesh,6,14,0
696,697,2707807,35,12,single,rented,no,Civil_engineer,Ambarnath,Maharashtra,4,13,0
95,96,7021605,31,14,single,rented,no,Technician,Raichur,Karnataka,8,10,0
12,13,9120988,28,9,single,rented,no,Physician,Erode[17],Tamil_Nadu,9,12,0
397,398,2653315,76,8,married,rented,no,Secretary,Vasai-Virar,Maharashtra,8,12,0
533,534,4912024,63,20,single,rented,yes,Consultant,Raiganj,West_Bengal,4,14,0
44,45,9639445,45,9,single,rented,no,Technician,Bellary,Karnataka,9,10,1
43,44,8390825,30,11,single,rented,no,Secretary,Bidhannagar,West_Bengal,7,10,0
330,331,2429683,43,20,single,rented,no,Financial_Analyst,Siliguri,West_Bengal,14,11,1
168,169,8451099,70,4,single,rented,yes,Design_Engineer,Kishanganj[35],Bihar,4,13,1
496,497,4070923,23,6,single,rented,yes,Economist,Aligarh,Uttar_Pradesh,6,11,0
950,951,2491348,47,11,single,rented,no,Artist,Suryapet,Telangana,11,10,0
597,598,5885687,39,20,single,rented,no,Computer_hardware_engineer,Silchar,Assam,3,13,0
756,757,931078,57,19,single,rented,no,Chartered_Accountant,Bangalore,Karnataka,13,14,0
101,102,4976661,22,9,single,rented,no,Architect,Kozhikode,Kerala,8,12,0
427,428,2259654,42,2,single,rented,no,Mechanical_engineer,Davanagere,Karnataka,2,10,1
179,180,9352887,53,6,single,rented,yes,Technical_writer,Muzaffarnagar,Uttar_Pradesh,6,11,1
445,446,8633347,27,4,single,rented,no,Microbiologist,Aizawl,Mizoram,4,14,0
417,418,9516861,67,0,single,rented,no,Engineer,Dehri[30],Bihar,0,13,0
942,943,1356494,68,5,single,rented,no,Politician,Madhyamgram,West_Bengal,5,12,0
882,883,2579337,41,6,married,rented,no,Chef,Saharsa[29],Bihar,6,12,0
658,659,1202104,69,4,single,rented,yes,Engineer,Malda,West_Bengal,4,12,0
178,179,412015,23,8,single,rented,no,Technical_writer,Gurgaon,Haryana,4,10,0
396,397,1625328,49,19,single,rented,yes,Firefighter,Ballia,Uttar_Pradesh,9,12,0
676,677,1112644,23,16,single,rented,yes,Official,Navi_Mumbai,Maharashtra,6,10,1
793,794,6851175,23,14,single,rented,yes,Firefighter,Satara,Maharashtra,8,14,0
960,961,4703725,37,6,single,rented,no,Biomedical_Engineer,Bhopal,Madhya_Pradesh,6,10,0
735,736,9450206,53,1,single,rented,no,Consultant,Haldia,West_Bengal,1,11,0
384,385,3983388,51,16,single,rented,no,Technical_writer,Hospet,Karnataka,5,14,0
970,971,8306987,66,0,single,rented,no,Statistician,Thane,Maharashtra,0,12,0
612,613,2889220,34,18,single,rented,yes,Financial_Analyst,Navi_Mumbai,Maharashtra,13,14,0
258,259,5046084,62,7,married,rented,yes,Technician,Shivpuri,Madhya_Pradesh,6,14,0
586,587,4510519,73,3,single,owned,yes,Magistrate,Madurai,Tamil_Nadu,3,10,1
336,337,4356905,62,2,single,norent_noown,yes,Scientist,Meerut,Uttar_Pradesh,2,13,0
614,615,150879,77,0,single,norent_noown,yes,Lawyer,Rampur,Uttar_Pradesh,0,12,0
16,17,7315840,71,8,married,rented,no,Air_traffic_controller,Kamarhati,West_Bengal,8,14,0
325,326,854917,34,0,single,rented,no,Architect,Medininagar,Jharkhand,0,13,0
758,759,1442794,35,20,married,rented,no,Microbiologist,Haldia,West_Bengal,10,10,0
223,224,2433481,48,0,single,norent_noown,yes,Biomedical_Engineer,Durg,Chhattisgarh,0,14,0
180,181,9226716,55,3,single,rented,no,Graphic_Designer,Aurangabad,Maharashtra,3,11,0
983,984,2921004,47,4,single,rented,yes,Geologist,Dindigul,Tamil_Nadu,4,11,0
23,24,9236505,36,19,single,rented,no,Chemical_engineer,Ongole,Andhra_Pradesh,6,14,0
357,358,7702379,76,6,single,rented,no,Biomedical_Engineer,Vasai-Virar,Maharashtra,6,10,0
666,667,3283513,25,17,married,owned,no,Architect,Shivpuri,Madhya_Pradesh,4,13,0
997,998,9464966,67,14,single,norent_noown,yes,Statistician,Tiruppur,Tamil_Nadu,14,10,0
341,342,1670303,35,13,married,rented,no,Analyst,Berhampore,West_Bengal,5,14,0
432,433,6588340,29,3,single,rented,no,Architect,Sagar,Madhya_Pradesh,3,11,0
908,909,749226,67,4,single,rented,yes,Hotel_Manager,Saharanpur,Uttar_Pradesh,4,10,0
833,834,7074289,37,1,married,rented,no,Geologist,Anantapuram[24],Andhra_Pradesh,1,12,0
204,205,4736350,38,13,single,rented,no,Microbiologist,Ambala,Haryana,6,13,1
630,631,2359192,57,1,single,rented,no,Chartered_Accountant,Lucknow,Uttar_Pradesh,1,14,0
94,95,7527288,24,10,single,rented,no,Biomedical_Engineer,Muzaffarpur,Bihar,5,11,0
558,559,2324042,45,16,single,rented,no,Drafter,Agartala,Tripura,13,13,0
69,70,7002610,56,4,single,rented,no,Police_officer,Hyderabad,Telangana,4,12,0
622,623,5890358,43,4,single,rented,no,Magistrate,Thiruvananthapuram,Kerala,4,13,0
285,286,4718273,25,10,single,rented,no,Lawyer,Baranagar,West_Bengal,8,10,0
804,805,8976828,58,10,single,rented,yes,Hotel_Manager,Nagercoil,Tamil_Nadu,10,14,1
435,436,8491491,61,20,single,rented,no,Comedian,Haldia,West_Bengal,8,11,0
154,155,4392149,59,11,single,rented,no,Secretary,Warangal[11][12],Telangana,10,13,0
76,77,2966907,30,6,married,rented,yes,Magistrate,Tiruppur,Tamil_Nadu,5,12,0
817,818,2010564,71,16,single,rented,yes,Microbiologist,Malegaon,Maharashtra,3,12,0
447,448,8273187,69,0,single,rented,no,Artist,Raipur,Chhattisgarh,0,14,0
189,190,9899664,45,5,single,rented,no,Software_Developer,Bidhannagar,West_Bengal,5,10,0
272,273,7525294,43,11,single,rented,yes,Magistrate,Siliguri,West_Bengal,4,14,0
237,238,3562528,58,9,single,rented,no,Microbiologist,Madanapalle,Andhra_Pradesh,9,11,0
488,489,9468291,32,0,single,rented,no,Geologist,Visakhapatnam[4],Andhra_Pradesh,0,12,0
118,119,7154493,28,4,single,rented,no,Engineer,Dindigul,Tamil_Nadu,4,13,1
818,819,931235,71,0,single,rented,no,Flight_attendant,Giridih,Jharkhand,0,13,0
513,514,1604428,66,20,single,rented,no,Physician,Sambalpur,Odisha,12,14,1
553,554,6814983,51,18,single,rented,no,Software_Developer,Ballia,Uttar_Pradesh,14,11,0
591,592,1441334,77,20,single,rented,no,Engineer,Nagaon,Assam,12,12,0
127,128,8753042,74,12,married,rented,no,Computer_operator,Bhiwandi,Maharashtra,9,12,0
117,118,4759451,60,4,married,rented,no,Official,Meerut,Uttar_Pradesh,4,13,0
474,475,1462402,48,4,single,rented,no,Engineer,Malda,West_Bengal,4,11,0
693,694,9121364,70,18,single,rented,no,Artist,Sikar,Rajasthan,3,11,0
58,59,9861298,59,16,single,rented,no,Technical_writer,North_Dumdum,West_Bengal,9,11,1
674,675,2721517,62,6,single,rented,no,Statistician,Thanjavur,Tamil_Nadu,6,10,0
912,913,4655230,50,4,single,rented,yes,Biomedical_Engineer,Panihati,West_Bengal,4,10,0
370,371,8262466,46,4,single,rented,no,Chemical_engineer,Phagwara,Punjab,4,13,0
269,270,3308198,76,10,single,rented,yes,Economist,Morena,Madhya_Pradesh,4,14,0
47,48,8477026,52,10,single,rented,no,Design_Engineer,Bijapur,Karnataka,10,10,0
350,351,7660598,72,11,single,rented,no,Biomedical_Engineer,Navi_Mumbai,Maharashtra,11,13,1
196,197,7977722,69,19,married,rented,no,Flight_attendant,Morbi,Gujarat,14,12,0
999,1000,5472585,63,17,married,rented,no,Computer_operator,Ramagundam[27],Telangana,6,11,0
834,835,143036,29,4,single,rented,no,Secretary,Lucknow,Uttar_Pradesh,4,14,0
742,743,1868963,73,16,single,rented,yes,Computer_hardware_engineer,"Khora,_Ghaziabad",Uttar_Pradesh,7,12,0
264,265,7291839,41,1,single,rented,yes,Surgeon,Thane,Maharashtra,1,12,1
444,445,9434706,30,9,single,rented,no,Secretary,Shimoga,Karnataka,9,13,0
901,902,3654298,78,18,single,rented,yes,Industrial_Engineer,Lucknow,Uttar_Pradesh,5,10,0
305,306,9510775,48,3,single,rented,no,Petroleum_Engineer,Jehanabad[38],Bihar,3,14,0
342,343,661573,42,20,single,rented,yes,Analyst,Suryapet,Telangana,14,12,0
966,967,3546473,39,5,single,rented,yes,Petroleum_Engineer,Udaipur,Rajasthan,3,10,0
150,151,8791091,33,15,single,rented,no,Microbiologist,Karnal,Haryana,12,14,0
125,126,8288147,32,20,single,rented,no,Financial_Analyst,Gandhinagar,Gujarat,3,13,0
786,787,8030487,62,3,single,rented,no,Computer_operator,Junagadh,Gujarat,3,13,0
51,52,3634814,74,4,single,rented,no,Fashion_Designer,Durgapur,West_Bengal,4,11,0
354,355,7867670,60,19,single,rented,no,Biomedical_Engineer,Bhavnagar,Gujarat,12,13,0
927,928,2218507,68,17,single,rented,yes,Drafter,Vadodara,Gujarat,7,10,0
143,144,4995211,68,9,single,rented,no,Firefighter,Akola,Maharashtra,9,11,0
471,472,8893842,74,17,single,rented,yes,Dentist,Ghaziabad,Uttar_Pradesh,9,14,0
400,401,9454655,35,7,single,rented,no,Magistrate,Srikakulam,Andhra_Pradesh,7,14,0
670,671,4360408,47,19,single,rented,no,Industrial_Engineer,Ratlam,Madhya_Pradesh,6,13,0
321,322,7086647,24,4,married,rented,no,Engineer,Ambattur,Tamil_Nadu,4,14,0
20,21,9225468,54,14,single,rented,no,Surveyor,Secunderabad,Telangana,8,10,0
809,810,8793461,53,18,single,rented,no,Politician,Gulbarga,Karnataka,8,10,0
790,791,7359458,29,3,single,rented,no,Consultant,Kirari_Suleman_Nagar,Delhi,3,14,0
808,809,3437621,78,14,single,rented,no,Economist,Ramgarh,Jharkhand,3,10,0
408,409,5808564,65,16,married,norent_noown,no,Fashion_Designer,Ajmer,Rajasthan,14,10,0
538,539,2799879,44,0,single,rented,no,Microbiologist,Jabalpur,Madhya_Pradesh,0,11,0
829,830,8304718,78,0,single,rented,no,Civil_servant,Bally,West_Bengal,0,13,0
39,40,8739032,55,3,married,rented,no,Politician,Aurangabad[39],Bihar,3,14,0
176,177,470555,50,10,single,owned,no,Secretary,Kulti,West_Bengal,3,14,0
246,247,2252443,77,0,single,rented,no,Surgeon,Chandigarh_city,Chandigarh,0,11,0
828,829,9412724,57,0,single,rented,no,Consultant,Fatehpur,Uttar_Pradesh,0,14,0
667,668,1413733,25,2,single,rented,yes,Architect,Sri_Ganganagar,Rajasthan,2,14,0
754,755,8973665,74,19,single,rented,no,Psychologist,Yamunanagar,Haryana,13,10,0
858,859,215207,32,7,married,rented,no,Lawyer,Singrauli,Madhya_Pradesh,7,13,0
155,156,4991059,39,11,single,rented,no,Magistrate,Jhansi,Uttar_Pradesh,11,14,0
288,289,4531094,41,6,single,rented,no,Magistrate,Unnao,Uttar_Pradesh,6,13,0
602,603,4449069,36,17,single,owned,yes,Magistrate,Sasaram[30],Bihar,7,11,0
570,571,6120219,25,8,single,rented,no,Software_Developer,Hajipur[31],Bihar,3,13,1
821,822,3469231,42,12,single,rented,no,Surgeon,Rohtak,Haryana,12,14,0
18,19,2241112,28,8,single,rented,no,Police_officer,Sirsa,Haryana,6,14,0
128,129,46750,33,13,single,rented,yes,Chef,Morbi,Gujarat,10,11,1
323,324,2663598,63,15,single,rented,no,Software_Developer,Rajahmundry[19][20],Andhra_Pradesh,11,12,0
256,257,10310,70,20,single,rented,yes,Engineer,Baranagar,West_Bengal,7,14,0
657,658,7145203,44,6,single,owned,yes,Industrial_Engineer,Kamarhati,West_Bengal,3,14,0
964,965,4486618,31,6,single,norent_noown,yes,Police_officer,Yamunanagar,Haryana,6,10,0
191,192,979926,61,14,single,rented,yes,Police_officer,Indore,Madhya_Pradesh,7,11,1
116,117,4428363,46,11,single,rented,no,Software_Developer,Nagaon,Assam,11,10,1
616,617,893955,28,8,married,rented,no,Geologist,Bally,West_Bengal,3,14,0
607,608,4143099,21,3,single,rented,no,Technology_specialist,Visakhapatnam[4],Andhra_Pradesh,3,11,0
181,182,9364159,77,6,married,rented,no,Software_Developer,Bhavnagar,Gujarat,4,11,0
302,303,9127290,22,11,single,rented,no,Web_designer,Ghaziabad,Uttar_Pradesh,3,14,1
759,760,3528671,72,2,single,rented,no,Politician,Bhavnagar,Gujarat,2,10,0
712,713,5831264,32,1,single,rented,no,Consultant,Tenali,Andhra_Pradesh,1,11,0
723,724,6239581,38,8,single,rented,yes,Air_traffic_controller,Thane,Maharashtra,8,13,1
685,686,5421595,45,4,single,rented,no,Air_traffic_controller,Giridih,Jharkhand,4,12,1
661,662,6019535,75,9,single,rented,yes,Surveyor,Nadiad,Gujarat,3,13,0
518,519,1598789,60,14,single,rented,no,Chartered_Accountant,Ujjain,Madhya_Pradesh,5,13,0
984,985,384314,57,7,single,rented,no,Police_officer,Pondicherry,Puducherry,3,12,0
46,47,2471915,73,18,single,rented,no,Chemical_engineer,Purnia[26],Bihar,14,13,0
909,910,2293119,46,11,single,rented,yes,Civil_servant,Arrah,Bihar,11,14,0
158,159,2217063,34,3,single,rented,no,Computer_hardware_engineer,Chinsurah,West_Bengal,3,11,0
744,745,7529689,76,9,single,rented,no,Army_officer,Rajahmundry[19][20],Andhra_Pradesh,4,10,1
172,173,233888,64,1,single,rented,no,Psychologist,Tumkur,Karnataka,1,10,1
17,18,3666346,56,12,single,rented,no,Politician,Bhusawal,Maharashtra,12,11,1
512,513,1578598,50,11,single,rented,no,Software_Developer,Mau,Uttar_Pradesh,11,11,1
49,50,4043791,48,18,single,rented,yes,Architect,Malda,West_Bengal,13,14,0
971,972,4136252,79,12,married,rented,yes,Fashion_Designer,Tumkur,Karnataka,12,14,0
852,853,6174825,47,19,single,rented,no,Engineer,Rampur,Uttar_Pradesh,6,14,0
516,517,2889903,27,0,single,rented,no,Flight_attendant,Kolkata,West_Bengal,0,12,0
686,687,9104150,70,14,single,rented,no,Technology_specialist,Hajipur[31],Bihar,11,10,0
481,482,126261,69,6,single,rented,no,Politician,Berhampore,West_Bengal,4,11,0
284,285,2183371,23,20,single,owned,no,Police_officer,Jhansi,Uttar_Pradesh,3,13,0
718,719,3753805,68,0,single,rented,no,Physician,Srinagar,Jammu_and_Kashmir,0,13,0
654,655,9605668,25,17,single,rented,yes,Dentist,Bardhaman,West_Bengal,8,14,0
226,227,3902265,26,5,single,rented,no,Computer_hardware_engineer,Korba,Chhattisgarh,3,14,0
27,28,9643150,24,13,single,rented,no,Comedian,Indore,Madhya_Pradesh,6,14,0
782,783,6894156,53,4,single,rented,no,Web_designer,Hubliâ€“Dharwad,Karnataka,4,10,0
438,439,9078403,25,18,married,rented,no,Official,Vijayanagaram,Andhra_Pradesh,9,12,0
951,952,6258257,41,8,single,rented,yes,Lawyer,Chennai,Tamil_Nadu,7,14,0
365,366,7455976,69,5,single,rented,yes,Fashion_Designer,Madhyamgram,West_Bengal,5,13,0
230,231,9812058,72,1,single,rented,yes,Economist,Thrissur,Kerala,1,14,0
38,39,3540135,78,4,single,rented,no,Biomedical_Engineer,Howrah,West_Bengal,4,11,0
965,966,2740278,65,4,single,rented,no,Civil_engineer,Thane,Maharashtra,4,10,0
375,376,6121261,23,15,single,rented,no,Civil_servant,Thane,Maharashtra,5,14,0
470,471,5628436,48,13,single,rented,no,Computer_hardware_engineer,Danapur,Bihar,10,10,1
967,968,8006236,49,6,single,rented,no,Secretary,Surendranagar_Dudhrej,Gujarat,6,10,0
850,851,6991135,31,16,single,norent_noown,yes,Fashion_Designer,Mehsana,Gujarat,11,11,0
704,705,4608251,59,0,single,rented,no,Flight_attendant,Korba,Chhattisgarh,0,10,0
892,893,4719877,74,15,single,rented,no,Civil_servant,Secunderabad,Telangana,11,10,0
195,196,2028733,38,4,single,rented,yes,Architect,Nashik,Maharashtra,4,11,0
854,855,2176235,50,10,single,rented,no,Biomedical_Engineer,Hajipur[31],Bihar,3,11,0
864,865,1207390,43,4,single,rented,no,Computer_operator,Coimbatore,Tamil_Nadu,3,14,0
504,505,2207248,49,19,single,rented,yes,Design_Engineer,Raipur,Chhattisgarh,3,12,0
969,970,7808637,65,13,married,rented,no,Consultant,Sambhal,Uttar_Pradesh,7,10,0
830,831,5238806,65,3,single,rented,no,Police_officer,Ramagundam[27],Telangana,3,12,1
580,581,7993188,66,6,single,norent_noown,no,Civil_servant,Raipur,Chhattisgarh,6,10,0
968,969,6775535,60,20,single,rented,no,Psychologist,Moradabad,Uttar_Pradesh,7,14,0
163,164,5403886,29,14,single,rented,no,Scientist,Gudivada,Andhra_Pradesh,7,10,0
894,895,1223133,68,6,single,norent_noown,no,Chartered_Accountant,Kozhikode,Kerala,6,10,0
153,154,8195887,79,16,single,rented,no,Chef,Ichalkaranji,Maharashtra,14,13,1
681,682,1169151,61,17,single,rented,no,Drafter,Hajipur[31],Bihar,7,13,0
955,956,7831154,64,7,single,rented,no,Statistician,Kurnool[18],Andhra_Pradesh,7,14,0
755,756,2968373,29,20,single,rented,no,Chartered_Accountant,Purnia[26],Bihar,11,12,0
112,113,4726819,67,5,single,rented,no,Consultant,Davanagere,Karnataka,5,13,0
227,228,8602683,46,1,married,rented,no,Web_designer,Bangalore,Karnataka,1,10,0
688,689,4588175,49,20,single,rented,no,Secretary,Bilaspur,Chhattisgarh,6,11,0
104,105,535157,50,2,married,rented,no,Engineer,Kochi,Kerala,2,10,0
422,423,5615027,23,14,single,rented,yes,Civil_engineer,Dehradun,Uttarakhand,14,14,0
420,421,8510110,49,15,single,rented,no,Statistician,Ranchi,Jharkhand,13,14,0
750,751,7303811,47,2,single,rented,yes,Geologist,Warangal[11][12],Telangana,2,11,0
587,588,2608473,77,20,single,rented,no,Dentist,Muzaffarnagar,Uttar_Pradesh,6,13,0
851,852,1854968,27,19,single,rented,no,Financial_Analyst,Sonipat,Haryana,3,14,0
673,674,9533689,61,6,married,rented,no,Fashion_Designer,Panihati,West_Bengal,4,13,0
120,121,8769550,23,13,single,rented,no,Computer_hardware_engineer,Ghaziabad,Uttar_Pradesh,9,10,1
54,55,1213131,67,8,single,rented,no,Psychologist,Agartala,Tripura,8,11,0
152,153,3775604,46,11,single,rented,no,Surgeon,Proddatur,Andhra_Pradesh,5,11,1
404,405,4074914,40,16,married,rented,yes,Police_officer,Jamnagar,Gujarat,9,14,0
945,946,5507871,72,5,married,rented,yes,Designer,Kulti,West_Bengal,5,10,0
208,209,2603179,39,20,single,rented,yes,Politician,Siwan[32],Bihar,13,11,0
659,660,3159546,75,5,married,rented,no,Librarian,Karawal_Nagar,Delhi,3,13,0
843,844,9176670,69,12,single,rented,no,Aviator,Bidar,Karnataka,6,12,0
762,763,5965136,36,15,single,rented,no,Software_Developer,Jamshedpur,Jharkhand,10,12,1
9,10,8964846,23,12,single,rented,no,Architect,Karimnagar,Telangana,5,13,0
807,808,5994422,62,17,single,rented,no,Architect,Jabalpur,Madhya_Pradesh,6,13,0
37,38,7904011,71,3,single,rented,no,Computer_operator,Udupi,Karnataka,3,11,0
453,454,3272246,72,7,single,rented,yes,Surveyor,Kulti,West_Bengal,7,14,0
652,653,1975710,42,3,single,rented,yes,Politician,Singrauli,Madhya_Pradesh,3,11,0
254,255,1923950,50,12,single,rented,no,Geologist,Chandigarh_city,Chandigarh,3,14,0
304,305,5419964,40,4,single,owned,yes,Computer_operator,Thoothukudi,Tamil_Nadu,4,13,0
746,747,5152202,78,10,single,rented,no,Design_Engineer,Jamnagar,Gujarat,10,12,0
572,573,6800688,78,5,single,rented,no,Graphic_Designer,Mango,Jharkhand,5,14,1
624,625,6832550,53,20,single,rented,yes,Psychologist,Deoghar,Jharkhand,13,11,0
709,710,4758365,66,8,married,rented,no,Software_Developer,Bikaner,Rajasthan,8,11,0
719,720,5812529,46,2,single,rented,yes,Software_Developer,Tiruchirappalli[10],Tamil_Nadu,2,11,1
263,264,7579274,26,8,single,rented,no,Army_officer,Guna,Madhya_Pradesh,5,14,0
611,612,346205,68,14,single,rented,no,Police_officer,Bhiwani,Haryana,6,13,0
298,299,568591,65,5,single,rented,no,Firefighter,Kanpur,Uttar_Pradesh,5,11,0
415,416,8500708,28,3,single,rented,no,Statistician,Belgaum,Karnataka,3,12,0
151,152,1122270,72,11,single,rented,no,Librarian,Cuttack,Odisha,5,12,0
788,789,9443163,45,20,single,rented,no,Comedian,Chittoor[28],Andhra_Pradesh,5,12,0
641,642,1016509,42,12,single,rented,no,Politician,Alappuzha,Kerala,10,13,0
889,890,7477502,28,14,single,rented,no,Chartered_Accountant,Ranchi,Jharkhand,11,10,0
551,552,1139981,60,12,single,rented,no,Civil_engineer,Ambattur,Tamil_Nadu,12,12,1
791,792,8136993,21,16,single,owned,no,Artist,Ramgarh,Jharkhand,3,11,0
489,490,3985432,47,13,single,rented,no,Technician,Faridabad,Haryana,4,12,0
148,149,4269729,70,8,single,rented,yes,Fashion_Designer,Unnao,Uttar_Pradesh,8,13,0
147,148,9657655,76,0,single,rented,no,Psychologist,Jalandhar,Punjab,0,12,0
891,892,6712260,72,10,single,rented,no,Surgeon,Sultan_Pur_Majra,Delhi,3,11,0
931,932,5768112,52,3,single,owned,no,Physician,Karawal_Nagar,Delhi,3,11,0
874,875,9211842,61,16,single,rented,no,Computer_hardware_engineer,Bettiah[33],Bihar,11,11,1
660,661,4206929,73,8,single,rented,no,Technical_writer,Hosur,Tamil_Nadu,8,11,1
349,350,8378891,40,10,single,rented,no,Chemical_engineer,Pali,Rajasthan,9,12,0
464,465,7591621,41,6,single,owned,no,Artist,Jaunpur,Uttar_Pradesh,3,14,1
326,327,2485396,26,6,single,rented,no,Statistician,Gandhidham,Gujarat,6,14,0
187,188,3489049,66,11,single,rented,no,Software_Developer,Tirunelveli,Tamil_Nadu,11,12,1
124,125,444242,77,11,married,rented,no,Dentist,Dibrugarh,Assam,8,12,0
853,854,7429005,69,2,married,rented,no,Computer_hardware_engineer,Gandhidham,Gujarat,2,13,0
609,610,1097615,59,15,married,rented,no,Technician,Yamunanagar,Haryana,5,14,0
144,145,3970273,53,14,single,rented,no,Air_traffic_controller,Satna,Madhya_Pradesh,4,12,0
958,959,5128999,53,12,single,rented,no,Designer,Tezpur,Assam,12,10,0
198,199,4853948,39,10,single,rented,no,Magistrate,Tirupati[21][22],Andhra_Pradesh,10,10,0
610,611,7098940,60,5,single,rented,yes,Librarian,Aligarh,Uttar_Pradesh,5,11,0
280,281,2451457,31,9,married,rented,no,Politician,Bulandshahr,Uttar_Pradesh,9,12,0
294,295,6975092,73,9,single,rented,no,Architect,Kakinada,Andhra_Pradesh,9,13,0
401,402,681770,28,5,single,rented,yes,Computer_operator,Agra,Uttar_Pradesh,5,14,0
123,124,9867887,79,9,single,rented,no,Physician,Chapra,Bihar,4,12,0
184,185,5681211,79,18,single,rented,no,Web_designer,Ozhukarai,Puducherry,8,10,0
203,204,2667227,76,6,single,rented,no,Official,"Khora,_Ghaziabad",Uttar_Pradesh,6,14,0
439,440,2562525,54,8,single,rented,yes,Software_Developer,Loni,Uttar_Pradesh,8,11,0
247,248,4525338,23,1,single,rented,no,Graphic_Designer,Ongole,Andhra_Pradesh,1,12,0
416,417,1850597,55,12,single,norent_noown,no,Consultant,Nandyal,Andhra_Pradesh,12,10,0
922,923,3191887,76,3,single,owned,yes,Psychologist,Kamarhati,West_Bengal,3,14,0
765,766,5557295,29,2,single,rented,no,Politician,Varanasi,Uttar_Pradesh,2,13,0
906,907,892655,53,4,single,rented,no,Web_designer,Vijayawada,Andhra_Pradesh,4,10,0
768,769,275750,22,9,single,rented,no,Army_officer,Tinsukia,Assam,9,11,0
887,888,4157390,34,17,married,rented,no,Statistician,Siliguri,West_Bengal,12,13,0
130,131,7187813,47,2,single,rented,no,Flight_attendant,Parbhani,Maharashtra,2,13,1
638,639,222070,21,19,single,rented,no,Biomedical_Engineer,Munger,Bihar,14,13,0
403,404,6246061,59,6,single,rented,no,Artist,Jodhpur,Rajasthan,5,11,0
784,785,1630476,65,3,single,rented,no,Chef,Guwahati,Assam,3,10,0
977,978,9789626,21,20,single,rented,no,Economist,Jehanabad[38],Bihar,4,13,1
736,737,960205,66,16,single,rented,no,Comedian,Vijayawada,Andhra_Pradesh,7,11,1
913,914,2363748,36,13,married,rented,no,Surgeon,Bhind,Madhya_Pradesh,7,10,0
220,221,1532701,79,2,single,rented,no,Graphic_Designer,Hapur,Uttar_Pradesh,2,12,0
642,643,4954873,46,19,single,rented,no,Flight_attendant,Mau,Uttar_Pradesh,5,13,0
915,916,1618942,31,17,single,rented,no,Magistrate,Bokaro,Jharkhand,7,12,0
752,753,7910818,25,14,single,owned,no,Graphic_Designer,Medininagar,Jharkhand,10,10,0
973,974,2557871,55,14,single,rented,yes,Biomedical_Engineer,Dibrugarh,Assam,3,12,0
919,920,156398,69,10,single,rented,yes,Technology_specialist,Bathinda,Punjab,7,14,0
625,626,333430,34,6,single,rented,yes,Army_officer,Kalyan-Dombivli,Maharashtra,6,11,0
838,839,2329433,42,1,single,rented,no,Surveyor,Bhilwara,Rajasthan,1,11,0
760,761,6875625,77,7,married,rented,no,Surveyor,Parbhani,Maharashtra,7,11,0
387,388,7922894,22,9,single,rented,yes,Computer_operator,Anantapuram[24],Andhra_Pradesh,8,11,0
972,973,3777592,76,12,married,rented,yes,Economist,Kota[6],Rajasthan,4,10,0
510,511,9215889,37,15,single,rented,no,Flight_attendant,Tiruppur,Tamil_Nadu,9,13,0
268,269,5498131,61,15,single,rented,no,Industrial_Engineer,Amritsar,Punjab,7,13,0
943,944,4707147,27,10,single,rented,no,Secretary,Raebareli,Uttar_Pradesh,4,10,0
442,443,2336237,66,6,single,rented,no,Financial_Analyst,Rajkot,Gujarat,4,10,0
497,498,1966474,26,16,single,rented,yes,Biomedical_Engineer,Visakhapatnam[4],Andhra_Pradesh,4,10,1
113,114,1319541,72,10,married,rented,no,Politician,Bhagalpur,Bihar,10,14,0
692,693,8744579,34,3,married,rented,yes,Web_designer,Bikaner,Rajasthan,3,12,0
233,234,8774556,63,2,single,rented,no,Flight_attendant,Howrah,West_Bengal,2,12,0
869,870,9082033,57,9,single,rented,no,Secretary,Kharagpur,West_Bengal,5,14,0
608,609,358155,26,3,single,rented,no,Chef,Bally,West_Bengal,3,14,0
672,673,5809456,72,16,single,rented,yes,Comedian,Medininagar,Jharkhand,4,10,0
374,375,3589662,42,18,single,rented,yes,Technical_writer,Bareilly,Uttar_Pradesh,13,13,0
981,982,4054318,74,3,single,rented,no,Web_designer,Sangli-Miraj_&_Kupwad,Maharashtra,3,11,0
842,843,1411158,42,11,single,owned,yes,Civil_engineer,Hospet,Karnataka,6,13,0
234,235,1882143,45,19,single,rented,yes,Magistrate,Farrukhabad,Uttar_Pradesh,4,14,1
785,786,1246172,63,9,single,rented,yes,Designer,Tiruppur,Tamil_Nadu,5,13,0
677,678,7648698,68,16,single,rented,yes,Psychologist,Jhansi,Uttar_Pradesh,13,10,0
318,319,6668606,45,2,single,rented,no,Designer,Giridih,Jharkhand,2,10,0
649,650,2376301,49,17,single,owned,no,Geologist,Mehsana,Gujarat,4,13,0
411,412,527900,61,9,single,rented,yes,Economist,Meerut,Uttar_Pradesh,9,10,1
929,930,4072094,39,9,single,rented,no,Graphic_Designer,Farrukhabad,Uttar_Pradesh,9,14,0
710,711,3608658,70,18,single,rented,no,Computer_operator,Burhanpur,Madhya_Pradesh,4,11,0
359,360,9910903,26,15,single,rented,yes,Consultant,Panihati,West_Bengal,3,11,0
259,260,6415225,54,13,single,rented,no,Flight_attendant,Firozabad,Uttar_Pradesh,3,13,0
745,746,9420845,27,3,married,rented,no,Chef,Raichur,Karnataka,3,13,0
628,629,4916345,73,8,single,rented,yes,Air_traffic_controller,Raiganj,West_Bengal,8,12,1
633,634,2582515,27,14,single,rented,yes,Design_Engineer,Anantapuram[24],Andhra_Pradesh,14,13,0
283,284,6360265,31,18,single,rented,no,Scientist,Mumbai,Maharashtra,3,11,0
377,378,9282569,77,10,single,rented,yes,Drafter,Anand,Gujarat,10,14,0
385,386,4406911,45,3,single,rented,yes,Psychologist,Danapur,Bihar,3,14,0
225,226,5109740,39,6,single,rented,no,Flight_attendant,Kanpur,Uttar_Pradesh,6,14,1
953,954,726110,68,18,single,norent_noown,yes,Software_Developer,Medininagar,Jharkhand,10,13,0
814,815,5098928,71,17,single,rented,no,Lawyer,Darbhanga,Bihar,4,11,0
473,474,7469378,62,0,single,rented,yes,Financial_Analyst,Korba,Chhattisgarh,0,10,0
348,349,3148837,37,17,single,rented,yes,Psychologist,Bhagalpur,Bihar,13,13,0
506,507,3330944,52,7,single,norent_noown,no,Biomedical_Engineer,Thanjavur,Tamil_Nadu,7,10,0
640,641,6251533,50,16,single,rented,yes,Design_Engineer,Adoni,Andhra_Pradesh,4,11,0
987,988,3068781,27,17,single,rented,yes,Comedian,Dewas,Madhya_Pradesh,3,14,0
928,929,5055002,48,1,single,rented,no,Artist,Gulbarga,Karnataka,1,11,0
905,906,8105018,74,12,single,rented,yes,Civil_servant,Serampore,West_Bengal,11,10,0
620,621,4683990,33,9,single,rented,yes,Physician,Panihati,West_Bengal,9,11,0
855,856,1746647,69,2,single,rented,yes,Secretary,Jabalpur,Madhya_Pradesh,2,13,0
803,804,415914,52,6,single,rented,no,Industrial_Engineer,Visakhapatnam[4],Andhra_Pradesh,6,14,0
646,647,2822951,45,8,single,rented,yes,Fashion_Designer,Vijayanagaram,Andhra_Pradesh,8,14,0
846,847,2174359,60,18,single,owned,yes,Financial_Analyst,Raipur,Chhattisgarh,11,10,0
557,558,9148621,43,9,single,rented,no,Police_officer,Bilaspur,Chhattisgarh,3,12,0
957,958,9938741,79,4,single,rented,yes,Civil_servant,Pudukkottai,Tamil_Nadu,4,12,0
578,579,9272937,75,18,single,rented,yes,Technology_specialist,Jehanabad[38],Bihar,7,13,0
796,797,8419826,31,0,single,rented,no,Geologist,Raiganj,West_Bengal,0,14,1
86,87,4329713,42,9,married,rented,no,Fashion_Designer,South_Dumdum,West_Bengal,6,14,0
243,244,9772105,29,12,single,rented,no,Aviator,Nagercoil,Tamil_Nadu,8,14,0
699,700,7767858,29,0,married,rented,no,Physician,Yamunanagar,Haryana,0,10,0
160,161,7462623,46,13,single,rented,no,Fashion_Designer,Kamarhati,West_Bengal,10,14,0
525,526,163900,61,7,single,rented,no,Economist,Gulbarga,Karnataka,5,14,0
36,37,9625415,77,15,married,rented,no,Secretary,Amravati,Maharashtra,9,10,0
541,542,4915233,76,5,single,rented,no,Designer,South_Dumdum,West_Bengal,3,11,0
171,172,4341286,75,1,single,rented,no,Consultant,Tirupati[21][22],Andhra_Pradesh,1,13,0
655,656,6986458,35,11,single,rented,no,Librarian,Chinsurah,West_Bengal,8,14,0
890,891,127445,55,12,single,rented,no,Scientist,Bhatpara,West_Bengal,12,11,0
875,876,6268431,43,6,single,owned,yes,Technician,Jabalpur,Madhya_Pradesh,3,10,0
847,848,9266153,67,14,single,rented,no,Computer_hardware_engineer,Dhule,Maharashtra,9,11,0
944,945,5221691,42,17,single,rented,no,Police_officer,Ranchi,Jharkhand,4,14,0
734,735,52469,60,10,single,rented,no,Statistician,Durgapur,West_Bengal,5,10,0
96,97,3449511,50,19,single,rented,yes,Computer_hardware_engineer,Rajpur_Sonarpur,West_Bengal,3,14,0
564,565,2122622,59,8,single,rented,no,Chemical_engineer,Dhanbad,Jharkhand,8,14,0
241,242,4539480,46,3,single,rented,yes,Fashion_Designer,Eluru[25],Andhra_Pradesh,3,11,0
743,744,5270510,50,17,single,rented,no,Software_Developer,Karawal_Nagar,Delhi,4,11,0
575,576,9976498,69,12,single,rented,no,Drafter,Guna,Madhya_Pradesh,12,10,0
691,692,3306281,33,16,single,rented,no,Engineer,Machilipatnam,Andhra_Pradesh,8,12,1
461,462,4147754,21,18,single,rented,no,Police_officer,Kolkata,West_Bengal,8,12,0
554,555,340075,45,0,single,rented,no,Industrial_Engineer,Bulandshahr,Uttar_Pradesh,0,13,1
878,879,8057748,46,6,single,rented,yes,Geologist,Rajkot,Gujarat,4,11,1
207,208,7512179,55,13,single,rented,no,Physician,Kanpur,Uttar_Pradesh,11,14,0
393,394,4131397,33,17,single,rented,yes,Lawyer,Pune,Maharashtra,13,12,0
795,796,1896591,25,19,single,rented,no,Firefighter,Salem,Tamil_Nadu,5,13,0
398,399,8698268,46,19,single,rented,yes,Computer_operator,Morbi,Gujarat,6,12,1
767,768,7109627,74,20,single,norent_noown,yes,Politician,Muzaffarnagar,Uttar_Pradesh,14,14,0
848,849,972554,54,13,single,rented,yes,Comedian,Barasat,West_Bengal,13,12,1
218,219,7357515,50,13,single,rented,yes,Fashion_Designer,Bhopal,Madhya_Pradesh,7,14,0
5,6,6915937,64,0,single,rented,no,Civil_servant,Jalgaon,Maharashtra,0,12,0
769,770,6338889,35,6,single,rented,no,Librarian,Danapur,Bihar,6,14,0
643,644,2267190,52,15,single,rented,no,Computer_operator,Hapur,Uttar_Pradesh,9,11,0
897,898,4273331,67,17,single,rented,yes,Surgeon,Amritsar,Punjab,6,10,0
613,614,1040029,46,5,single,rented,yes,Software_Developer,Aizawl,Mizoram,5,10,0
739,740,96503,40,13,single,rented,no,Flight_attendant,Shimla,Himachal_Pradesh,3,14,1
547,548,1026972,64,1,single,rented,no,Surveyor,Siliguri,West_Bengal,1,13,0
726,727,9241049,41,8,single,rented,yes,Economist,Nanded,Maharashtra,6,13,0
684,685,7302729,70,14,single,rented,no,Aviator,Bongaigaon,Assam,11,11,0
99,100,6275695,66,10,single,rented,no,Architect,Ambarnath,Maharashtra,10,11,1
805,806,214045,54,14,single,rented,no,Air_traffic_controller,Mathura,Uttar_Pradesh,3,10,0
728,729,4593497,33,15,married,rented,no,Biomedical_Engineer,Begusarai,Bihar,8,14,0
574,575,9756211,45,8,single,rented,yes,Politician,Bhusawal,Maharashtra,8,10,1
407,408,4788890,62,5,married,rented,no,Police_officer,Ambattur,Tamil_Nadu,5,12,0
503,504,5714975,41,10,single,rented,yes,Petroleum_Engineer,Dhule,Maharashtra,10,14,0
48,49,8996641,75,12,single,rented,no,Microbiologist,Patiala,Punjab,12,13,0
33,34,5023035,26,10,single,rented,yes,Petroleum_Engineer,Madurai,Tamil_Nadu,9,13,0
780,781,5608121,52,7,single,rented,no,Physician,Jabalpur,Madhya_Pradesh,7,14,1
840,841,6550448,77,7,single,rented,yes,Fashion_Designer,Delhi_city,Delhi,7,13,0
201,202,9830639,70,16,single,rented,no,Army_officer,Kadapa[23],Andhra_Pradesh,5,11,0
135,136,2015341,47,6,single,rented,no,Graphic_Designer,Panvel,Maharashtra,6,13,0
28,29,8832725,64,5,single,rented,no,Biomedical_Engineer,Pondicherry,Puducherry,5,11,1
880,881,5899739,75,11,single,rented,yes,Civil_servant,Nagaon,Assam,3,12,0
231,232,9999180,22,0,single,rented,no,Drafter,Bhavnagar,Gujarat,0,11,0
490,491,4493999,57,0,single,rented,no,Technician,Karawal_Nagar,Delhi,0,14,0
773,774,6550926,35,1,single,rented,no,Physician,Salem,Tamil_Nadu,1,11,1
379,380,3498735,38,3,single,rented,yes,Technician,New_Delhi,Delhi,3,14,0
289,290,7362151,65,4,single,rented,no,Magistrate,Gurgaon,Haryana,3,11,0
419,420,9049657,25,12,single,rented,no,Geologist,Baranagar,West_Bengal,12,12,0
675,676,4702825,59,8,single,rented,no,Dentist,Indore,Madhya_Pradesh,5,13,0
392,393,8190070,61,9,single,rented,yes,Mechanical_engineer,Bareilly,Uttar_Pradesh,3,12,0
593,594,5707558,57,9,single,rented,no,Economist,Jaipur,Rajasthan,9,10,0
499,500,28561,63,13,single,rented,yes,Scientist,Ranchi,Jharkhand,13,12,0
139,140,8496659,59,12,single,rented,no,Army_officer,Karimnagar,Telangana,8,12,0
63,64,1729774,28,6,married,rented,yes,Technical_writer,Nadiad,Gujarat,5,10,0
472,473,223993,54,7,single,rented,no,Physician,Rourkela,Odisha,7,11,1
648,649,9559493,77,3,single,rented,no,Army_officer,Sirsa,Haryana,3,13,0
129,130,1855377,26,3,single,rented,no,Magistrate,Shimla,Himachal_Pradesh,3,13,0
976,977,6686452,34,4,single,rented,no,Flight_attendant,Morena,Madhya_Pradesh,4,12,0
521,522,220528,72,18,married,rented,no,Technology_specialist,Hapur,Uttar_Pradesh,4,12,0
839,840,8796074,21,0,single,rented,no,Hotel_Manager,Begusarai,Bihar,0,14,0
962,963,2408696,26,11,single,rented,no,Graphic_Designer,Varanasi,Uttar_Pradesh,11,11,0
65,66,9822116,27,12,single,rented,no,Artist,Haridwar,Uttarakhand,12,13,0
813,814,5010356,74,8,single,rented,no,Biomedical_Engineer,Ajmer,Rajasthan,8,14,0
15,16,5694236,39,2,married,rented,yes,Economist,Anantapuram[24],Andhra_Pradesh,2,10,0
157,158,1800877,21,10,married,rented,yes,Software_Developer,Narasaraopet,Andhra_Pradesh,5,13,0
41,42,2735428,72,20,single,rented,no,Surveyor,Shimla,Himachal_Pradesh,6,14,0
493,494,2192899,45,12,single,rented,no,Drafter,Giridih,Jharkhand,6,10,0
380,381,8802134,69,5,single,rented,yes,Politician,Chennai,Tamil_Nadu,5,10,0
188,189,5653642,42,3,single,rented,no,Civil_engineer,Mumbai,Maharashtra,3,11,1
764,765,479199,57,18,single,rented,no,Drafter,Jamalpur[36],Bihar,13,13,0
217,218,7992060,44,15,single,rented,no,Fashion_Designer,Nagaon,Assam,4,11,0
792,793,3487781,65,7,single,rented,no,Politician,Alappuzha,Kerala,7,10,0
53,54,5990870,74,4,single,rented,no,Aviator,Singrauli,Madhya_Pradesh,4,10,0
879,880,2442625,67,9,married,rented,yes,Firefighter,Guntur[13],Andhra_Pradesh,7,12,0
338,339,3419204,79,18,single,owned,no,Geologist,Kottayam,Kerala,3,12,0
749,750,191830,45,9,single,rented,no,Economist,Bally,West_Bengal,9,12,0
720,721,9422148,43,16,single,rented,yes,Computer_hardware_engineer,Singrauli,Madhya_Pradesh,12,12,1
725,726,9044259,30,16,single,rented,no,Flight_attendant,Jabalpur,Madhya_Pradesh,3,11,1
296,297,1818927,69,8,single,rented,no,Technical_writer,Mirzapur,Uttar_Pradesh,8,13,0
702,703,2598882,23,0,single,rented,no,Scientist,Imphal,Manipur,0,14,0
252,253,2370396,69,4,married,rented,no,Comedian,Shivpuri,Madhya_Pradesh,4,10,0
727,728,9506949,49,14,single,rented,yes,Civil_servant,Bellary,Karnataka,13,11,0
462,463,7124175,44,15,single,rented,yes,Chemical_engineer,Kirari_Suleman_Nagar,Delhi,7,10,1
456,457,8576968,35,18,single,rented,no,Drafter,Ambattur,Tamil_Nadu,5,12,0
996,997,9253093,54,2,single,rented,yes,Secretary,Danapur,Bihar,2,12,1
816,817,1755216,38,15,single,rented,no,Hotel_Manager,Haridwar,Uttarakhand,11,13,0
863,864,1239373,64,4,single,rented,no,Lawyer,Srinagar,Jammu_and_Kashmir,3,12,0
270,271,2452563,75,3,single,rented,no,Hotel_Manager,Kulti,West_Bengal,3,12,0
202,203,4184636,55,2,single,rented,yes,Official,Amritsar,Punjab,2,10,0
162,163,6847133,69,7,single,rented,no,Surgeon,Dhanbad,Jharkhand,6,10,0
556,557,4796189,51,16,single,rented,no,Fashion_Designer,Saharanpur,Uttar_Pradesh,12,12,0
730,731,3069692,47,19,single,norent_noown,no,Software_Developer,Sultan_Pur_Majra,Delhi,5,11,0
402,403,8927753,25,17,single,rented,yes,Comedian,Raipur,Chhattisgarh,13,13,1
703,704,4477660,30,0,married,rented,yes,Lawyer,Saharanpur,Uttar_Pradesh,0,14,0
477,478,5445375,52,19,single,rented,no,Psychologist,Kulti,West_Bengal,5,12,0
822,823,989292,45,4,single,rented,no,Design_Engineer,Surat,Gujarat,4,10,0
772,773,3086136,60,9,single,rented,no,Dentist,Chandigarh_city,Chandigarh,6,13,0
106,107,5165629,61,0,single,rented,no,Aviator,North_Dumdum,West_Bengal,0,12,1
566,567,7932482,34,11,single,rented,no,Air_traffic_controller,Thrissur,Kerala,11,14,0
390,391,3171323,21,17,single,rented,no,Industrial_Engineer,Shimla,Himachal_Pradesh,5,12,0
2,3,3991815,66,4,married,rented,no,Technical_writer,Alappuzha,Kerala,4,10,0
937,938,7198404,29,19,single,owned,yes,Graphic_Designer,Patiala,Punjab,6,14,1
982,983,5969456,27,12,single,rented,no,Analyst,Baranagar,West_Bengal,10,14,0
562,563,3859838,62,13,single,rented,yes,Graphic_Designer,Baranagar,West_Bengal,7,13,0
81,82,6115704,57,17,single,owned,no,Economist,Deoghar,Jharkhand,12,14,1
206,207,9845816,31,20,single,rented,no,Lawyer,Thanjavur,Tamil_Nadu,14,11,0
35,36,7537675,45,4,single,rented,no,Graphic_Designer,Gopalpur,West_Bengal,4,14,0
776,777,5643939,76,11,single,rented,yes,Secretary,Nellore[14][15],Andhra_Pradesh,3,11,0
509,510,3177996,28,1,single,rented,no,Comedian,Nizamabad,Telangana,1,12,0
428,429,7667495,24,3,married,rented,no,Petroleum_Engineer,Parbhani,Maharashtra,3,14,0
455,456,9186273,50,20,single,rented,no,Microbiologist,Madanapalle,Andhra_Pradesh,10,14,0
367,368,1672431,45,8,single,rented,no,Drafter,Jalandhar,Punjab,8,14,0
92,93,575463,60,12,single,rented,yes,Firefighter,Gandhinagar,Gujarat,11,13,0
340,341,2542814,55,10,single,rented,no,Consultant,Moradabad,Uttar_Pradesh,8,11,0
898,899,8371842,66,15,single,owned,no,Comedian,Jalandhar,Punjab,4,11,1
565,566,6963246,35,16,single,rented,no,Industrial_Engineer,Gurgaon,Haryana,14,12,1
346,347,2432816,37,4,single,rented,no,Graphic_Designer,Singrauli,Madhya_Pradesh,4,12,0
777,778,2979441,44,7,married,rented,yes,Aviator,Mathura,Uttar_Pradesh,7,12,0
242,243,9480069,64,2,single,rented,no,Chartered_Accountant,Thoothukudi,Tamil_Nadu,2,10,0
14,15,9420838,48,6,single,rented,no,Technical_writer,Madurai,Tamil_Nadu,6,10,1
316,317,5714288,44,0,single,rented,no,Chartered_Accountant,Bangalore,Karnataka,0,14,0
601,602,7184863,49,19,single,rented,no,Flight_attendant,Cuttack,Odisha,7,13,0
388,389,1853560,73,8,single,rented,no,Drafter,Sambalpur,Odisha,8,11,0
274,275,6152756,49,3,married,rented,no,Psychologist,Surat,Gujarat,3,14,0
167,168,4195266,40,20,married,rented,no,Web_designer,Ajmer,Rajasthan,14,14,0
841,842,4701745,32,18,single,rented,yes,Technology_specialist,Ajmer,Rajasthan,11,14,0
992,993,8448595,32,13,single,owned,no,Financial_Analyst,Satna,Madhya_Pradesh,3,13,0
647,648,853211,40,5,single,rented,no,Civil_servant,Tirunelveli,Tamil_Nadu,5,10,0
819,820,221597,30,12,single,rented,no,Librarian,Gandhinagar,Gujarat,12,10,0
485,486,6118570,53,14,married,rented,no,Technology_specialist,Dehradun,Uttarakhand,14,13,0
980,981,6064204,62,14,married,rented,no,Lawyer,Thane,Maharashtra,10,10,0
505,506,3426767,67,1,single,rented,no,Microbiologist,Bhimavaram,Andhra_Pradesh,1,12,0
832,833,224204,51,9,single,norent_noown,no,Computer_hardware_engineer,Mathura,Uttar_Pradesh,8,10,0
244,245,9507533,32,4,married,rented,no,Lawyer,Satna,Madhya_Pradesh,4,11,0
567,568,5965932,74,3,single,rented,no,Army_officer,Giridih,Jharkhand,3,13,1
876,877,6165156,28,7,married,owned,no,Chef,Farrukhabad,Uttar_Pradesh,7,13,0
563,564,2940425,77,16,single,rented,yes,Drafter,Farrukhabad,Uttar_Pradesh,7,10,1
687,688,1303925,57,11,single,rented,no,Secretary,Katihar,Bihar,11,14,0
190,191,6862187,22,7,single,rented,no,Scientist,Srinagar,Jammu_and_Kashmir,7,12,1
783,784,9558695,35,11,single,rented,no,Air_traffic_controller,Uluberia,West_Bengal,6,12,0
700,701,3548901,67,11,single,rented,yes,Web_designer,Pallavaram,Tamil_Nadu,9,11,0
476,477,9304920,44,6,single,rented,no,Physician,Dharmavaram,Andhra_Pradesh,6,11,0
682,683,6389669,33,13,married,rented,no,Chartered_Accountant,Bareilly,Uttar_Pradesh,11,11,0
511,512,5736165,57,1,single,rented,no,Engineer,Nagaon,Assam,1,10,0
59,60,9311486,68,9,single,rented,no,Lawyer,Panchkula,Haryana,9,12,0
475,476,6453233,68,13,single,rented,no,Drafter,Thiruvananthapuram,Kerala,13,14,0
561,562,6509681,30,10,single,rented,yes,Industrial_Engineer,Nadiad,Gujarat,10,10,0
857,858,8025541,53,9,married,rented,no,Chemical_engineer,Ghaziabad,Uttar_Pradesh,7,14,0
748,749,229554,74,15,single,rented,no,Web_designer,Ramgarh,Jharkhand,14,11,0
253,254,3426695,73,4,single,rented,no,Firefighter,Unnao,Uttar_Pradesh,4,14,0
22,23,9157379,72,13,single,rented,yes,Design_Engineer,Ajmer,Rajasthan,9,10,0
314,315,4543268,32,17,single,rented,no,Flight_attendant,Tenali,Andhra_Pradesh,3,13,0
460,461,7467167,57,6,single,rented,no,Economist,Bellary,Karnataka,6,11,0
161,162,6045182,78,6,single,rented,no,Designer,Raichur,Karnataka,6,12,0
277,278,9344382,38,14,single,rented,yes,Secretary,Khandwa,Madhya_Pradesh,12,14,0
956,957,9543987,50,13,single,rented,no,Design_Engineer,Agra,Uttar_Pradesh,11,14,0
192,193,424671,64,15,single,rented,yes,Firefighter,Satna,Madhya_Pradesh,4,11,0
386,387,6402349,68,7,single,rented,no,Technology_specialist,Kota[6],Rajasthan,7,10,0
806,807,2716709,36,9,single,rented,no,Aviator,Vadodara,Gujarat,9,14,0
414,415,8160444,30,19,single,rented,no,Aviator,Korba,Chhattisgarh,10,12,0
492,493,2717090,71,2,single,norent_noown,yes,Surgeon,Kottayam,Kerala,2,10,0
344,345,2132506,79,11,single,owned,no,Financial_Analyst,Panihati,West_Bengal,11,13,0
770,771,7556569,72,6,single,rented,no,Artist,Purnia[26],Bihar,6,11,0
309,310,6936269,46,9,single,rented,no,Firefighter,Eluru[25],Andhra_Pradesh,8,14,0
662,663,7172998,36,16,single,rented,no,Dentist,Kurnool[18],Andhra_Pradesh,9,13,0
131,132,5644262,60,7,single,rented,no,Engineer,Kalyan-Dombivli,Maharashtra,3,11,1
664,665,3623971,21,7,single,rented,no,Magistrate,Bellary,Karnataka,7,13,0
872,873,4306831,49,17,single,rented,no,Biomedical_Engineer,Katihar,Bihar,6,12,0
100,101,4336059,54,12,single,rented,yes,Firefighter,Katihar,Bihar,12,13,0
373,374,3128681,59,4,single,owned,no,Drafter,Ludhiana,Punjab,4,12,0
88,89,9784947,24,11,single,rented,no,Designer,Berhampore,West_Bengal,11,14,0
459,460,4432283,61,5,single,rented,no,Lawyer,Tiruchirappalli[10],Tamil_Nadu,5,10,1
331,332,7020077,63,9,single,rented,no,Mechanical_engineer,Ongole,Andhra_Pradesh,9,13,1
215,216,1328487,67,12,married,rented,no,Flight_attendant,Surendranagar_Dudhrej,Gujarat,7,10,0
467,468,9254833,63,13,single,rented,yes,Fashion_Designer,Sambhal,Uttar_Pradesh,10,10,0
122,123,4432483,69,6,single,rented,no,Hotel_Manager,Kulti,West_Bengal,6,10,0
615,616,9658695,74,19,single,rented,no,Fashion_Designer,Panihati,West_Bengal,8,11,0
21,22,6506739,50,4,single,rented,no,Politician,Ahmedabad,Gujarat,4,11,0
701,702,165198,77,8,single,rented,yes,Technical_writer,Nagaon,Assam,6,11,0
72,73,2408148,59,10,single,rented,no,Architect,Solapur,Maharashtra,7,11,0
107,108,1240330,29,18,married,rented,yes,Consultant,Gopalpur,West_Bengal,12,14,0
271,272,7877007,49,9,single,rented,no,Microbiologist,Amaravati,Andhra_Pradesh,9,10,0
861,862,1161425,45,14,single,rented,no,Biomedical_Engineer,Bongaigaon,Assam,13,13,0
436,437,368667,48,2,married,rented,no,Computer_operator,Moradabad,Uttar_Pradesh,2,13,0
103,104,9334042,52,10,single,rented,yes,Economist,Malegaon,Maharashtra,5,11,0
